{
  "Get by ID clusterIP" : {
    "transaction" : "Get by ID clusterIP",
    "sampleCount" : 25000,
    "errorCount" : 586,
    "errorPct" : 2.344,
    "meanResTime" : 79.12424000000058,
    "medianResTime" : 85.0,
    "minResTime" : 1.0,
    "maxResTime" : 1117.0,
    "pct1ResTime" : 189.0,
    "pct2ResTime" : 207.0,
    "pct3ResTime" : 398.9900000000016,
    "throughput" : 286.22458325700677,
    "receivedKBytesPerSec" : 224.74895420692894,
    "sentKBytesPerSec" : 37.45517007464738
  },
  "Total" : {
    "transaction" : "Total",
    "sampleCount" : 25000,
    "errorCount" : 586,
    "errorPct" : 2.344,
    "meanResTime" : 79.12424000000058,
    "medianResTime" : 85.0,
    "minResTime" : 1.0,
    "maxResTime" : 1117.0,
    "pct1ResTime" : 189.0,
    "pct2ResTime" : 207.0,
    "pct3ResTime" : 398.9900000000016,
    "throughput" : 286.22458325700677,
    "receivedKBytesPerSec" : 224.74895420692894,
    "sentKBytesPerSec" : 37.45517007464738
  }
}